start_lat,start_lon,end_lat,end_lon,start_node,end_node
43.074837,-89.396803,43.073913,-89.397473,51,92
43.075849,-89.396996,43.074837,-89.396803,3,51
