start_lat,start_lon,end_lat,end_lon,start_node,end_node
43.100534,-89.493413,43.103141,-89.49293,521,608
43.098125,-89.494257,43.100534,-89.493413,600,521
43.096295,-89.494903,43.098125,-89.494257,505,600
43.103141,-89.49293,43.104144,-89.492301,608,586
