start_lat,start_lon,end_lat,end_lon,start_node,end_node
43.076927,-89.392177,43.07481,-89.393712,12,77
43.07481,-89.393712,43.075849,-89.396996,77,3
43.078397,-89.390083,43.077604,-89.388164,5,13
43.075849,-89.396996,43.071827,-89.397315,3,4
43.071827,-89.397315,43.078397,-89.390083,4,5
